Zip.Code,Median Household Income
ZCTA5 06390,152652
ZCTA5 07421,94375
ZCTA5 10001,85168
ZCTA5 10002,35594
ZCTA5 10003,100791
ZCTA5 10004,123056
ZCTA5 10005,130116
ZCTA5 10006,125364
ZCTA5 10007,234958
ZCTA5 10009,60788
ZCTA5 10010,110142
ZCTA5 10011,114134
ZCTA5 10012,101815
ZCTA5 10013,104167
ZCTA5 10014,119026
ZCTA5 10016,102703
ZCTA5 10017,106795
ZCTA5 10018,105479
ZCTA5 10019,94477
ZCTA5 10020,
ZCTA5 10021,115681
ZCTA5 10022,123693
ZCTA5 10023,115080
ZCTA5 10024,118594
ZCTA5 10025,80025
ZCTA5 10026,52082
ZCTA5 10027,42754
ZCTA5 10028,111302
ZCTA5 10029,32500
ZCTA5 10030,33720
ZCTA5 10031,41848
ZCTA5 10032,40054
ZCTA5 10033,46349
ZCTA5 10034,45643
ZCTA5 10035,26893
ZCTA5 10036,83812
ZCTA5 10037,39463
ZCTA5 10038,82910
ZCTA5 10039,32257
ZCTA5 10040,45811
ZCTA5 10044,86483
ZCTA5 10065,118310
ZCTA5 10069,155702
ZCTA5 10075,114481
ZCTA5 10103,
ZCTA5 10110,
ZCTA5 10111,
ZCTA5 10112,
ZCTA5 10115,
ZCTA5 10119,
ZCTA5 10128,103817
ZCTA5 10152,
ZCTA5 10153,
ZCTA5 10154,
ZCTA5 10162,178822
ZCTA5 10165,
ZCTA5 10167,
ZCTA5 10168,
ZCTA5 10169,
ZCTA5 10170,
ZCTA5 10171,
ZCTA5 10172,
ZCTA5 10173,
ZCTA5 10174,
ZCTA5 10177,
ZCTA5 10199,
ZCTA5 10271,
ZCTA5 10278,
ZCTA5 10279,
ZCTA5 10280,146875
ZCTA5 10282,
ZCTA5 10301,55700
ZCTA5 10302,55864
ZCTA5 10303,55198
ZCTA5 10304,53843
ZCTA5 10305,74063
ZCTA5 10306,78745
ZCTA5 10307,77278
ZCTA5 10308,87493
ZCTA5 10309,93248
ZCTA5 10310,69201
ZCTA5 10311,
ZCTA5 10312,88567
ZCTA5 10314,77761
ZCTA5 10451,26419
ZCTA5 10452,25771
ZCTA5 10453,22914
ZCTA5 10454,21553
ZCTA5 10455,23962
ZCTA5 10456,25868
ZCTA5 10457,25967
ZCTA5 10458,30339
ZCTA5 10459,24805
ZCTA5 10460,24086
ZCTA5 10461,55332
ZCTA5 10462,48315
ZCTA5 10463,56568
ZCTA5 10464,76917
ZCTA5 10465,73068
ZCTA5 10466,44354
ZCTA5 10467,34964
ZCTA5 10468,34988
ZCTA5 10469,57124
ZCTA5 10470,58839
ZCTA5 10471,81594
ZCTA5 10472,29934
ZCTA5 10473,36686
ZCTA5 10474,26901
ZCTA5 10475,46340
ZCTA5 10501,130313
ZCTA5 10502,161734
ZCTA5 10503,
ZCTA5 10504,213688
ZCTA5 10505,118333
ZCTA5 10506,194917
ZCTA5 10507,66106
ZCTA5 10509,94768
ZCTA5 10510,153152
ZCTA5 10511,99479
ZCTA5 10512,90585
ZCTA5 10514,244527
ZCTA5 10516,93750
ZCTA5 10517,100313
ZCTA5 10518,190058
ZCTA5 10519,
ZCTA5 10520,94261
ZCTA5 10522,120631
ZCTA5 10523,90406
ZCTA5 10524,115833
ZCTA5 10526,123571
ZCTA5 10527,144286
ZCTA5 10528,110417
ZCTA5 10530,101553
ZCTA5 10532,97125
ZCTA5 10533,135697
ZCTA5 10535,65147
ZCTA5 10536,161650
ZCTA5 10537,73235
ZCTA5 10538,153750
ZCTA5 10541,109076
ZCTA5 10543,82265
ZCTA5 10545,
ZCTA5 10546,144167
ZCTA5 10547,96833
ZCTA5 10548,78724
ZCTA5 10549,95704
ZCTA5 10550,42002
ZCTA5 10552,68196
ZCTA5 10553,60403
ZCTA5 10560,129306
ZCTA5 10562,73797
ZCTA5 10566,55453
ZCTA5 10567,118482
ZCTA5 10570,124427
ZCTA5 10573,69523
ZCTA5 10576,180000
ZCTA5 10577,193125
ZCTA5 10578,106176
ZCTA5 10579,120162
ZCTA5 10580,168750
ZCTA5 10583,177332
ZCTA5 10588,73233
ZCTA5 10589,94652
ZCTA5 10590,141646
ZCTA5 10591,79988
ZCTA5 10594,133256
ZCTA5 10595,106331
ZCTA5 10596,70714
ZCTA5 10597,222917
ZCTA5 10598,116741
ZCTA5 10601,70701
ZCTA5 10603,94088
ZCTA5 10604,84741
ZCTA5 10605,108065
ZCTA5 10606,75775
ZCTA5 10607,127232
ZCTA5 10701,45049
ZCTA5 10703,60964
ZCTA5 10704,73956
ZCTA5 10705,46013
ZCTA5 10706,119841
ZCTA5 10707,81818
ZCTA5 10708,105738
ZCTA5 10709,100000
ZCTA5 10710,86132
ZCTA5 10801,57103
ZCTA5 10803,150688
ZCTA5 10804,166000
ZCTA5 10805,62556
ZCTA5 10901,93389
ZCTA5 10910,
ZCTA5 10911,
ZCTA5 10913,123787
ZCTA5 10914,126389
ZCTA5 10915,
ZCTA5 10916,107938
ZCTA5 10917,97778
ZCTA5 10918,98314
ZCTA5 10919,98017
ZCTA5 10920,101250
ZCTA5 10921,85182
ZCTA5 10922,99732
ZCTA5 10923,79317
ZCTA5 10924,93947
ZCTA5 10925,77823
ZCTA5 10926,68011
ZCTA5 10927,58750
ZCTA5 10928,79602
ZCTA5 10930,129083
ZCTA5 10931,63438
ZCTA5 10932,
ZCTA5 10933,98086
ZCTA5 10940,56758
ZCTA5 10941,65562
ZCTA5 10950,66959
ZCTA5 10952,55481
ZCTA5 10953,127260
ZCTA5 10954,93816
ZCTA5 10956,121421
ZCTA5 10958,87222
ZCTA5 10960,80742
ZCTA5 10962,94464
ZCTA5 10963,71324
ZCTA5 10964,96979
ZCTA5 10965,98996
ZCTA5 10968,97174
ZCTA5 10969,67292
ZCTA5 10970,84980
ZCTA5 10973,93611
ZCTA5 10974,89107
ZCTA5 10975,
ZCTA5 10976,60972
ZCTA5 10977,56724
ZCTA5 10979,70515
ZCTA5 10980,94159
ZCTA5 10983,110929
ZCTA5 10984,112188
ZCTA5 10985,
ZCTA5 10986,119063
ZCTA5 10987,103795
ZCTA5 10988,74875
ZCTA5 10989,105569
ZCTA5 10990,87775
ZCTA5 10992,94167
ZCTA5 10993,53750
ZCTA5 10994,136250
ZCTA5 10996,107031
ZCTA5 10998,86946
ZCTA5 11001,102306
ZCTA5 11003,91817
ZCTA5 11004,91226
ZCTA5 11005,63368
ZCTA5 11010,98517
ZCTA5 11020,123333
ZCTA5 11021,89556
ZCTA5 11023,104511
ZCTA5 11024,96620
ZCTA5 11030,164159
ZCTA5 11040,111035
ZCTA5 11042,
ZCTA5 11050,112461
ZCTA5 11096,45205
ZCTA5 11101,51964
ZCTA5 11102,56674
ZCTA5 11103,62775
ZCTA5 11104,57155
ZCTA5 11105,62841
ZCTA5 11106,56442
ZCTA5 11109,133070
ZCTA5 11201,109472
ZCTA5 11203,46971
ZCTA5 11204,47135
ZCTA5 11205,47437
ZCTA5 11206,31549
ZCTA5 11207,35849
ZCTA5 11208,37640
ZCTA5 11209,65181
ZCTA5 11210,59520
ZCTA5 11211,59190
ZCTA5 11212,28495
ZCTA5 11213,37556
ZCTA5 11214,52119
ZCTA5 11215,108178
ZCTA5 11216,52239
ZCTA5 11217,94970
ZCTA5 11218,60821
ZCTA5 11219,36573
ZCTA5 11220,40576
ZCTA5 11221,43361
ZCTA5 11222,73391
ZCTA5 11223,44647
ZCTA5 11224,31371
ZCTA5 11225,48597
ZCTA5 11226,45031
ZCTA5 11228,63641
ZCTA5 11229,55187
ZCTA5 11230,43344
ZCTA5 11231,84223
ZCTA5 11232,47785
ZCTA5 11233,35686
ZCTA5 11234,75362
ZCTA5 11235,45578
ZCTA5 11236,60885
ZCTA5 11237,46351
ZCTA5 11238,75757
ZCTA5 11239,24610
ZCTA5 11351,
ZCTA5 11354,43660
ZCTA5 11355,38451
ZCTA5 11356,57849
ZCTA5 11357,74255
ZCTA5 11358,66173
ZCTA5 11359,
ZCTA5 11360,82982
ZCTA5 11361,81846
ZCTA5 11362,82827
ZCTA5 11363,90443
ZCTA5 11364,70408
ZCTA5 11365,62509
ZCTA5 11366,78223
ZCTA5 11367,57310
ZCTA5 11368,45980
ZCTA5 11369,51864
ZCTA5 11370,53293
ZCTA5 11371,
ZCTA5 11372,52792
ZCTA5 11373,45677
ZCTA5 11374,55550
ZCTA5 11375,72982
ZCTA5 11377,51675
ZCTA5 11378,61631
ZCTA5 11379,75320
ZCTA5 11385,60526
ZCTA5 11411,81678
ZCTA5 11412,71995
ZCTA5 11413,80758
ZCTA5 11414,70490
ZCTA5 11415,64055
ZCTA5 11416,59092
ZCTA5 11417,66978
ZCTA5 11418,63079
ZCTA5 11419,62014
ZCTA5 11420,61484
ZCTA5 11421,64544
ZCTA5 11422,85436
ZCTA5 11423,66070
ZCTA5 11424,
ZCTA5 11425,
ZCTA5 11426,77487
ZCTA5 11427,65494
ZCTA5 11428,68675
ZCTA5 11429,77037
ZCTA5 11430,
ZCTA5 11432,52277
ZCTA5 11433,45820
ZCTA5 11434,57454
ZCTA5 11435,55268
ZCTA5 11436,66837
ZCTA5 11451,
ZCTA5 11501,89956
ZCTA5 11507,110400
ZCTA5 11509,141667
ZCTA5 11510,95786
ZCTA5 11514,83750
ZCTA5 11516,100347
ZCTA5 11518,91343
ZCTA5 11520,68945
ZCTA5 11530,144479
ZCTA5 11542,74472
ZCTA5 11545,139485
ZCTA5 11547,116071
ZCTA5 11548,120057
ZCTA5 11549,
ZCTA5 11550,57497
ZCTA5 11552,100326
ZCTA5 11553,67152
ZCTA5 11554,93855
ZCTA5 11556,
ZCTA5 11557,114949
ZCTA5 11558,87176
ZCTA5 11559,114816
ZCTA5 11560,110341
ZCTA5 11561,88249
ZCTA5 11563,81068
ZCTA5 11565,106875
ZCTA5 11566,133333
ZCTA5 11568,170250
ZCTA5 11569,114844
ZCTA5 11570,106574
ZCTA5 11572,103401
ZCTA5 11575,75881
ZCTA5 11576,157057
ZCTA5 11577,120650
ZCTA5 11579,113095
ZCTA5 11580,98922
ZCTA5 11581,95829
ZCTA5 11590,92506
ZCTA5 11596,116143
ZCTA5 11598,130906
ZCTA5 11691,41190
ZCTA5 11692,42333
ZCTA5 11693,53829
ZCTA5 11694,79145
ZCTA5 11697,100909
ZCTA5 11701,76593
ZCTA5 11702,104744
ZCTA5 11703,92817
ZCTA5 11704,81028
ZCTA5 11705,95590
ZCTA5 11706,79928
ZCTA5 11709,100078
ZCTA5 11710,115328
ZCTA5 11713,71101
ZCTA5 11714,99645
ZCTA5 11715,113017
ZCTA5 11716,80068
ZCTA5 11717,69615
ZCTA5 11718,119750
ZCTA5 11719,89375
ZCTA5 11720,94192
ZCTA5 11721,108611
ZCTA5 11722,67222
ZCTA5 11724,189000
ZCTA5 11725,120750
ZCTA5 11726,67259
ZCTA5 11727,77891
ZCTA5 11729,84063
ZCTA5 11730,115981
ZCTA5 11731,106453
ZCTA5 11732,115333
ZCTA5 11733,143438
ZCTA5 11735,96455
ZCTA5 11738,95129
ZCTA5 11739,140000
ZCTA5 11740,107446
ZCTA5 11741,98914
ZCTA5 11742,89000
ZCTA5 11743,117273
ZCTA5 11746,101171
ZCTA5 11747,123167
ZCTA5 11749,86318
ZCTA5 11751,94395
ZCTA5 11752,93179
ZCTA5 11753,149750
ZCTA5 11754,98191
ZCTA5 11755,100955
ZCTA5 11756,105708
ZCTA5 11757,80677
ZCTA5 11758,109123
ZCTA5 11762,121469
ZCTA5 11763,81237
ZCTA5 11764,114722
ZCTA5 11765,171250
ZCTA5 11766,113125
ZCTA5 11767,117679
ZCTA5 11768,119806
ZCTA5 11769,87202
ZCTA5 11770,
ZCTA5 11771,119688
ZCTA5 11772,68955
ZCTA5 11776,94067
ZCTA5 11777,104167
ZCTA5 11778,91545
ZCTA5 11779,86684
ZCTA5 11780,112625
ZCTA5 11782,105872
ZCTA5 11783,112224
ZCTA5 11784,88319
ZCTA5 11786,126129
ZCTA5 11787,115162
ZCTA5 11788,105014
ZCTA5 11789,77068
ZCTA5 11790,123343
ZCTA5 11791,157267
ZCTA5 11792,121153
ZCTA5 11793,117914
ZCTA5 11794,
ZCTA5 11795,112205
ZCTA5 11796,92794
ZCTA5 11797,156467
ZCTA5 11798,71250
ZCTA5 11801,99958
ZCTA5 11803,132371
ZCTA5 11804,105859
ZCTA5 11901,55966
ZCTA5 11930,94167
ZCTA5 11931,
ZCTA5 11932,74375
ZCTA5 11933,64537
ZCTA5 11934,97654
ZCTA5 11935,88373
ZCTA5 11937,90101
ZCTA5 11939,74375
ZCTA5 11940,97679
ZCTA5 11941,103802
ZCTA5 11942,92750
ZCTA5 11944,57096
ZCTA5 11946,76026
ZCTA5 11947,
ZCTA5 11948,102908
ZCTA5 11949,105714
ZCTA5 11950,72993
ZCTA5 11951,64033
ZCTA5 11952,89956
ZCTA5 11953,72252
ZCTA5 11954,77632
ZCTA5 11955,61695
ZCTA5 11956,61250
ZCTA5 11957,73417
ZCTA5 11958,66591
ZCTA5 11959,87750
ZCTA5 11960,68750
ZCTA5 11961,61721
ZCTA5 11962,
ZCTA5 11963,86310
ZCTA5 11964,79878
ZCTA5 11965,117917
ZCTA5 11967,82733
ZCTA5 11968,81740
ZCTA5 11970,
ZCTA5 11971,90313
ZCTA5 11972,106111
ZCTA5 11973,
ZCTA5 11975,68125
ZCTA5 11976,133056
ZCTA5 11977,95000
ZCTA5 11978,82147
ZCTA5 11980,91228
ZCTA5 12007,
ZCTA5 12008,106250
ZCTA5 12009,91250
ZCTA5 12010,45981
ZCTA5 12015,53095
ZCTA5 12017,73690
ZCTA5 12018,82738
ZCTA5 12019,94049
ZCTA5 12020,73387
ZCTA5 12022,50521
ZCTA5 12023,62778
ZCTA5 12024,
ZCTA5 12025,64005
ZCTA5 12027,98688
ZCTA5 12028,74750
ZCTA5 12029,85958
ZCTA5 12031,44167
ZCTA5 12032,46515
ZCTA5 12033,71909
ZCTA5 12035,37734
ZCTA5 12036,53375
ZCTA5 12037,58819
ZCTA5 12040,41518
ZCTA5 12041,57548
ZCTA5 12042,
ZCTA5 12043,49710
ZCTA5 12045,46094
ZCTA5 12046,81304
ZCTA5 12047,52300
ZCTA5 12051,58720
ZCTA5 12052,64250
ZCTA5 12053,81646
ZCTA5 12054,97440
ZCTA5 12056,93456
ZCTA5 12057,53750
ZCTA5 12058,67837
ZCTA5 12059,73750
ZCTA5 12060,67800
ZCTA5 12061,85560
ZCTA5 12062,69107
ZCTA5 12063,99196
ZCTA5 12064,62946
ZCTA5 12065,84228
ZCTA5 12066,60132
ZCTA5 12067,63355
ZCTA5 12068,52860
ZCTA5 12069,
ZCTA5 12070,65080
ZCTA5 12071,53750
ZCTA5 12072,49815
ZCTA5 12074,67361
ZCTA5 12075,61772
ZCTA5 12076,60795
ZCTA5 12077,94138
ZCTA5 12078,39514
ZCTA5 12083,70500
ZCTA5 12084,69866
ZCTA5 12085,45833
ZCTA5 12086,56477
ZCTA5 12087,71771
ZCTA5 12089,64242
ZCTA5 12090,57132
ZCTA5 12092,34000
ZCTA5 12093,49861
ZCTA5 12094,75096
ZCTA5 12095,48964
ZCTA5 12106,71758
ZCTA5 12108,57500
ZCTA5 12110,71961
ZCTA5 12115,83438
ZCTA5 12116,45682
ZCTA5 12117,53548
ZCTA5 12118,67159
ZCTA5 12120,49875
ZCTA5 12121,72083
ZCTA5 12122,40895
ZCTA5 12123,76635
ZCTA5 12124,62214
ZCTA5 12125,52200
ZCTA5 12130,120266
ZCTA5 12131,66250
ZCTA5 12132,63935
ZCTA5 12134,51303
ZCTA5 12136,88750
ZCTA5 12137,54766
ZCTA5 12138,60888
ZCTA5 12139,57292
ZCTA5 12140,89432
ZCTA5 12143,48720
ZCTA5 12144,63427
ZCTA5 12147,69688
ZCTA5 12148,104386
ZCTA5 12149,50893
ZCTA5 12150,64259
ZCTA5 12151,74688
ZCTA5 12153,85306
ZCTA5 12154,65977
ZCTA5 12155,49875
ZCTA5 12156,78958
ZCTA5 12157,54716
ZCTA5 12158,81391
ZCTA5 12159,90337
ZCTA5 12160,54688
ZCTA5 12161,
ZCTA5 12164,65250
ZCTA5 12165,
ZCTA5 12166,39716
ZCTA5 12167,48448
ZCTA5 12168,63542
ZCTA5 12169,52656
ZCTA5 12170,65360
ZCTA5 12172,37375
ZCTA5 12173,70559
ZCTA5 12174,
ZCTA5 12175,52404
ZCTA5 12176,74091
ZCTA5 12177,71193
ZCTA5 12180,50530
ZCTA5 12182,40677
ZCTA5 12183,52014
ZCTA5 12184,78750
ZCTA5 12185,75972
ZCTA5 12186,89210
ZCTA5 12187,41875
ZCTA5 12188,62825
ZCTA5 12189,52733
ZCTA5 12190,45536
ZCTA5 12192,61466
ZCTA5 12193,76343
ZCTA5 12194,41750
ZCTA5 12195,30833
ZCTA5 12196,90882
ZCTA5 12197,41129
ZCTA5 12198,85584
ZCTA5 12202,25748
ZCTA5 12203,52251
ZCTA5 12204,55449
ZCTA5 12205,63911
ZCTA5 12206,29821
ZCTA5 12207,12454
ZCTA5 12208,57420
ZCTA5 12209,52334
ZCTA5 12210,47219
ZCTA5 12211,95072
ZCTA5 12222,
ZCTA5 12302,70438
ZCTA5 12303,62392
ZCTA5 12304,47500
ZCTA5 12305,29643
ZCTA5 12306,61286
ZCTA5 12307,17893
ZCTA5 12308,44482
ZCTA5 12309,93090
ZCTA5 12401,48058
ZCTA5 12404,57292
ZCTA5 12405,46319
ZCTA5 12406,
ZCTA5 12407,52396
ZCTA5 12409,72550
ZCTA5 12410,62813
ZCTA5 12411,81905
ZCTA5 12412,61389
ZCTA5 12413,32661
ZCTA5 12414,41825
ZCTA5 12416,22981
ZCTA5 12417,51400
ZCTA5 12418,71111
ZCTA5 12419,56042
ZCTA5 12420,108542
ZCTA5 12421,55000
ZCTA5 12422,68929
ZCTA5 12423,43792
ZCTA5 12424,61250
ZCTA5 12427,88561
ZCTA5 12428,46045
ZCTA5 12429,88158
ZCTA5 12430,48458
ZCTA5 12431,39182
ZCTA5 12432,59800
ZCTA5 12433,135811
ZCTA5 12434,31667
ZCTA5 12435,
ZCTA5 12436,51250
ZCTA5 12438,125588
ZCTA5 12439,39808
ZCTA5 12440,52214
ZCTA5 12441,83906
ZCTA5 12442,28125
ZCTA5 12443,84125
ZCTA5 12444,39643
ZCTA5 12446,55364
ZCTA5 12448,
ZCTA5 12449,42150
ZCTA5 12450,
ZCTA5 12451,77321
ZCTA5 12452,41176
ZCTA5 12453,34258
ZCTA5 12454,58500
ZCTA5 12455,41200
ZCTA5 12456,45156
ZCTA5 12457,
ZCTA5 12458,43500
ZCTA5 12459,40234
ZCTA5 12460,33000
ZCTA5 12461,64348
ZCTA5 12463,57250
ZCTA5 12464,48889
ZCTA5 12465,56765
ZCTA5 12466,68007
ZCTA5 12468,48942
ZCTA5 12469,47917
ZCTA5 12470,61087
ZCTA5 12471,53871
ZCTA5 12472,54453
ZCTA5 12473,72573
ZCTA5 12474,45335
ZCTA5 12475,
ZCTA5 12477,58871
ZCTA5 12480,55163
ZCTA5 12481,65429
ZCTA5 12482,39531
ZCTA5 12483,
ZCTA5 12484,63881
ZCTA5 12485,54079
ZCTA5 12486,87639
ZCTA5 12487,73299
ZCTA5 12489,75592
ZCTA5 12490,
ZCTA5 12491,71563
ZCTA5 12492,46250
ZCTA5 12493,86164
ZCTA5 12494,66484
ZCTA5 12495,96607
ZCTA5 12496,55556
ZCTA5 12498,72241
ZCTA5 12501,65156
ZCTA5 12502,73438
ZCTA5 12503,62188
ZCTA5 12504,86250
ZCTA5 12507,68194
ZCTA5 12508,68963
ZCTA5 12512,
ZCTA5 12513,62833
ZCTA5 12514,96103
ZCTA5 12515,54531
ZCTA5 12516,62431
ZCTA5 12517,54907
ZCTA5 12518,78896
ZCTA5 12520,89892
ZCTA5 12521,80903
ZCTA5 12522,51530
ZCTA5 12523,70962
ZCTA5 12524,77284
ZCTA5 12525,72308
ZCTA5 12526,70563
ZCTA5 12527,
ZCTA5 12528,67689
ZCTA5 12529,67875
ZCTA5 12530,
ZCTA5 12531,82050
ZCTA5 12533,102592
ZCTA5 12534,45223
ZCTA5 12538,74145
ZCTA5 12540,103454
ZCTA5 12542,69750
ZCTA5 12543,54570
ZCTA5 12545,75224
ZCTA5 12546,58125
ZCTA5 12547,76377
ZCTA5 12548,52708
ZCTA5 12549,83026
ZCTA5 12550,55631
ZCTA5 12553,71951
ZCTA5 12561,67264
ZCTA5 12563,84956
ZCTA5 12564,82119
ZCTA5 12565,38384
ZCTA5 12566,76882
ZCTA5 12567,63333
ZCTA5 12569,75387
ZCTA5 12570,97679
ZCTA5 12571,69720
ZCTA5 12572,73200
ZCTA5 12574,120074
ZCTA5 12575,126813
ZCTA5 12577,109107
ZCTA5 12578,87059
ZCTA5 12580,78750
ZCTA5 12581,73482
ZCTA5 12582,99398
ZCTA5 12583,71786
ZCTA5 12585,113148
ZCTA5 12586,68998
ZCTA5 12589,77686
ZCTA5 12590,81169
ZCTA5 12592,63750
ZCTA5 12594,61875
ZCTA5 12601,40699
ZCTA5 12603,78299
ZCTA5 12604,
ZCTA5 12701,33624
ZCTA5 12719,58229
ZCTA5 12720,80889
ZCTA5 12721,61841
ZCTA5 12722,
ZCTA5 12723,52727
ZCTA5 12724,64375
ZCTA5 12725,50417
ZCTA5 12726,68182
ZCTA5 12729,53092
ZCTA5 12732,39297
ZCTA5 12733,41402
ZCTA5 12734,64125
ZCTA5 12736,31250
ZCTA5 12737,67500
ZCTA5 12738,59226
ZCTA5 12740,65972
ZCTA5 12741,30000
ZCTA5 12742,
ZCTA5 12743,52050
ZCTA5 12745,67125
ZCTA5 12746,87292
ZCTA5 12747,63533
ZCTA5 12748,62083
ZCTA5 12749,48421
ZCTA5 12750,76094
ZCTA5 12751,50323
ZCTA5 12752,39297
ZCTA5 12754,37031
ZCTA5 12758,51923
ZCTA5 12759,26250
ZCTA5 12760,51250
ZCTA5 12762,38194
ZCTA5 12763,62216
ZCTA5 12764,45956
ZCTA5 12765,78250
ZCTA5 12766,54792
ZCTA5 12767,111250
ZCTA5 12768,60402
ZCTA5 12769,73594
ZCTA5 12770,61250
ZCTA5 12771,49497
ZCTA5 12775,98669
ZCTA5 12776,53594
ZCTA5 12777,76786
ZCTA5 12778,
ZCTA5 12779,37597
ZCTA5 12780,37350
ZCTA5 12781,61944
ZCTA5 12783,60658
ZCTA5 12784,
ZCTA5 12785,51250
ZCTA5 12786,47717
ZCTA5 12787,57679
ZCTA5 12788,47404
ZCTA5 12789,51964
ZCTA5 12790,52607
ZCTA5 12791,70163
ZCTA5 12792,36985
ZCTA5 12801,46305
ZCTA5 12803,61906
ZCTA5 12804,65224
ZCTA5 12808,70125
ZCTA5 12809,52971
ZCTA5 12810,70288
ZCTA5 12811,
ZCTA5 12812,63672
ZCTA5 12814,53958
ZCTA5 12815,61394
ZCTA5 12816,52835
ZCTA5 12817,63125
ZCTA5 12819,55469
ZCTA5 12821,44952
ZCTA5 12822,53767
ZCTA5 12823,
ZCTA5 12824,62813
ZCTA5 12827,58563
ZCTA5 12828,49633
ZCTA5 12831,80055
ZCTA5 12832,43370
ZCTA5 12833,76600
ZCTA5 12834,64484
ZCTA5 12835,51444
ZCTA5 12836,58036
ZCTA5 12837,45486
ZCTA5 12838,62321
ZCTA5 12839,46788
ZCTA5 12841,38125
ZCTA5 12842,44375
ZCTA5 12843,35750
ZCTA5 12844,77929
ZCTA5 12845,66555
ZCTA5 12846,54841
ZCTA5 12847,66875
ZCTA5 12849,57188
ZCTA5 12850,74792
ZCTA5 12851,44375
ZCTA5 12852,47500
ZCTA5 12853,36250
ZCTA5 12855,45000
ZCTA5 12856,48705
ZCTA5 12857,50625
ZCTA5 12858,69583
ZCTA5 12859,58262
ZCTA5 12860,39798
ZCTA5 12861,59375
ZCTA5 12862,
ZCTA5 12863,79219
ZCTA5 12864,
ZCTA5 12865,57831
ZCTA5 12866,74025
ZCTA5 12870,46667
ZCTA5 12871,65104
ZCTA5 12872,29167
ZCTA5 12873,49150
ZCTA5 12874,68500
ZCTA5 12878,50625
ZCTA5 12883,53963
ZCTA5 12884,55250
ZCTA5 12885,48641
ZCTA5 12886,
ZCTA5 12887,45759
ZCTA5 12901,44763
ZCTA5 12903,53449
ZCTA5 12910,46471
ZCTA5 12911,
ZCTA5 12912,53375
ZCTA5 12913,55435
ZCTA5 12914,43250
ZCTA5 12916,57083
ZCTA5 12917,51711
ZCTA5 12918,58505
ZCTA5 12919,32392
ZCTA5 12920,51250
ZCTA5 12921,70158
ZCTA5 12922,53906
ZCTA5 12923,40227
ZCTA5 12924,50556
ZCTA5 12926,49741
ZCTA5 12927,41250
ZCTA5 12928,49073
ZCTA5 12929,50714
ZCTA5 12930,49375
ZCTA5 12932,49479
ZCTA5 12933,
ZCTA5 12934,48438
ZCTA5 12935,48112
ZCTA5 12936,61125
ZCTA5 12937,42721
ZCTA5 12939,52917
ZCTA5 12941,63125
ZCTA5 12942,56161
ZCTA5 12943,53152
ZCTA5 12944,44322
ZCTA5 12945,71250
ZCTA5 12946,55952
ZCTA5 12950,53750
ZCTA5 12952,41250
ZCTA5 12953,50728
ZCTA5 12955,64583
ZCTA5 12956,59511
ZCTA5 12957,42703
ZCTA5 12958,41018
ZCTA5 12959,44345
ZCTA5 12960,75833
ZCTA5 12961,32708
ZCTA5 12962,67478
ZCTA5 12964,80417
ZCTA5 12965,40486
ZCTA5 12966,40915
ZCTA5 12967,44306
ZCTA5 12969,41786
ZCTA5 12970,48125
ZCTA5 12972,65913
ZCTA5 12973,60208
ZCTA5 12974,49333
ZCTA5 12975,71667
ZCTA5 12976,66042
ZCTA5 12977,
ZCTA5 12978,
ZCTA5 12979,59400
ZCTA5 12980,40833
ZCTA5 12981,59570
ZCTA5 12983,49859
ZCTA5 12985,39414
ZCTA5 12986,53236
ZCTA5 12987,32917
ZCTA5 12989,65592
ZCTA5 12992,50375
ZCTA5 12993,49491
ZCTA5 12996,56750
ZCTA5 12997,57500
ZCTA5 12998,42350
ZCTA5 13020,52083
ZCTA5 13021,47905
ZCTA5 13024,
ZCTA5 13026,67159
ZCTA5 13027,70593
ZCTA5 13028,40000
ZCTA5 13029,62459
ZCTA5 13030,65241
ZCTA5 13031,70182
ZCTA5 13032,52646
ZCTA5 13033,61000
ZCTA5 13034,61154
ZCTA5 13035,71865
ZCTA5 13036,52461
ZCTA5 13037,67655
ZCTA5 13039,83341
ZCTA5 13040,49353
ZCTA5 13041,84621
ZCTA5 13042,58241
ZCTA5 13044,67768
ZCTA5 13045,47667
ZCTA5 13051,
ZCTA5 13052,51818
ZCTA5 13053,59423
ZCTA5 13054,56979
ZCTA5 13057,59256
ZCTA5 13060,67656
ZCTA5 13061,59241
ZCTA5 13062,80000
ZCTA5 13063,81711
ZCTA5 13064,
ZCTA5 13066,78929
ZCTA5 13068,61291
ZCTA5 13069,46474
ZCTA5 13071,65188
ZCTA5 13072,50313
ZCTA5 13073,54729
ZCTA5 13074,54167
ZCTA5 13076,53710
ZCTA5 13077,57672
ZCTA5 13078,87734
ZCTA5 13080,57557
ZCTA5 13081,66528
ZCTA5 13082,64123
ZCTA5 13083,56154
ZCTA5 13084,63777
ZCTA5 13087,145066
ZCTA5 13088,53934
ZCTA5 13090,69519
ZCTA5 13092,63854
ZCTA5 13101,60889
ZCTA5 13102,
ZCTA5 13103,
ZCTA5 13104,97569
ZCTA5 13108,72537
ZCTA5 13110,70417
ZCTA5 13111,49306
ZCTA5 13112,52727
ZCTA5 13113,68750
ZCTA5 13114,57500
ZCTA5 13115,51125
ZCTA5 13116,57798
ZCTA5 13117,50833
ZCTA5 13118,55951
ZCTA5 13120,57132
ZCTA5 13122,57353
ZCTA5 13123,56793
ZCTA5 13124,46667
ZCTA5 13126,47992
ZCTA5 13131,55820
ZCTA5 13132,60329
ZCTA5 13134,61406
ZCTA5 13135,50347
ZCTA5 13136,45000
ZCTA5 13138,
ZCTA5 13140,54592
ZCTA5 13141,50156
ZCTA5 13142,44833
ZCTA5 13143,49444
ZCTA5 13144,41935
ZCTA5 13145,49015
ZCTA5 13146,46149
ZCTA5 13147,60486
ZCTA5 13148,47987
ZCTA5 13152,87367
ZCTA5 13153,59417
ZCTA5 13155,46071
ZCTA5 13156,57332
ZCTA5 13157,40563
ZCTA5 13158,46012
ZCTA5 13159,72724
ZCTA5 13160,63063
ZCTA5 13162,81205
ZCTA5 13163,46250
ZCTA5 13164,75057
ZCTA5 13165,51768
ZCTA5 13166,58065
ZCTA5 13167,47708
ZCTA5 13202,14793
ZCTA5 13203,32984
ZCTA5 13204,29007
ZCTA5 13205,29547
ZCTA5 13206,37959
ZCTA5 13207,48645
ZCTA5 13208,34896
ZCTA5 13209,52760
ZCTA5 13210,26120
ZCTA5 13211,46368
ZCTA5 13212,54539
ZCTA5 13214,72694
ZCTA5 13215,83671
ZCTA5 13219,57405
ZCTA5 13224,53590
ZCTA5 13290,
ZCTA5 13301,73750
ZCTA5 13302,44453
ZCTA5 13303,64531
ZCTA5 13304,77177
ZCTA5 13305,63229
ZCTA5 13308,43990
ZCTA5 13309,51851
ZCTA5 13310,47566
ZCTA5 13312,49063
ZCTA5 13313,42500
ZCTA5 13314,42443
ZCTA5 13315,57059
ZCTA5 13316,44867
ZCTA5 13317,49107
ZCTA5 13318,62885
ZCTA5 13319,32148
ZCTA5 13320,56477
ZCTA5 13321,45536
ZCTA5 13322,45625
ZCTA5 13323,60174
ZCTA5 13324,38550
ZCTA5 13325,49615
ZCTA5 13326,54637
ZCTA5 13327,45882
ZCTA5 13328,65250
ZCTA5 13329,47006
ZCTA5 13331,
ZCTA5 13332,44516
ZCTA5 13333,63250
ZCTA5 13334,
ZCTA5 13335,59479
ZCTA5 13337,40938
ZCTA5 13338,50956
ZCTA5 13339,42917
ZCTA5 13340,53730
ZCTA5 13341,109792
ZCTA5 13342,60833
ZCTA5 13343,53750
ZCTA5 13345,
ZCTA5 13346,68456
ZCTA5 13348,50189
ZCTA5 13350,46985
ZCTA5 13352,
ZCTA5 13353,32500
ZCTA5 13354,77946
ZCTA5 13355,49537
ZCTA5 13357,45855
ZCTA5 13360,43250
ZCTA5 13361,52969
ZCTA5 13362,55192
ZCTA5 13363,58274
ZCTA5 13364,32333
ZCTA5 13365,46849
ZCTA5 13367,55955
ZCTA5 13368,47308
ZCTA5 13402,47712
ZCTA5 13403,75260
ZCTA5 13404,37083
ZCTA5 13406,49297
ZCTA5 13407,47664
ZCTA5 13408,53417
ZCTA5 13409,50938
ZCTA5 13410,56250
ZCTA5 13411,44286
ZCTA5 13413,67509
ZCTA5 13415,42188
ZCTA5 13416,56083
ZCTA5 13417,35703
ZCTA5 13418,54643
ZCTA5 13420,52025
ZCTA5 13421,48689
ZCTA5 13424,55145
ZCTA5 13425,50000
ZCTA5 13428,46333
ZCTA5 13431,55529
ZCTA5 13433,46541
ZCTA5 13435,55750
ZCTA5 13436,48750
ZCTA5 13437,49107
ZCTA5 13438,50489
ZCTA5 13439,47755
ZCTA5 13440,50128
ZCTA5 13441,
ZCTA5 13450,65250
ZCTA5 13452,40293
ZCTA5 13454,35938
ZCTA5 13456,64473
ZCTA5 13459,46771
ZCTA5 13460,41994
ZCTA5 13461,55746
ZCTA5 13464,41875
ZCTA5 13468,46607
ZCTA5 13469,78750
ZCTA5 13470,42054
ZCTA5 13471,50605
ZCTA5 13472,70357
ZCTA5 13473,52321
ZCTA5 13475,
ZCTA5 13476,53167
ZCTA5 13477,46402
ZCTA5 13478,61250
ZCTA5 13480,48438
ZCTA5 13483,40893
ZCTA5 13484,72353
ZCTA5 13485,39896
ZCTA5 13486,56974
ZCTA5 13488,52292
ZCTA5 13489,42500
ZCTA5 13490,62485
ZCTA5 13491,58000
ZCTA5 13492,59708
ZCTA5 13493,47188
ZCTA5 13494,50625
ZCTA5 13495,52830
ZCTA5 13501,32920
ZCTA5 13502,39041
ZCTA5 13601,46125
ZCTA5 13602,41111
ZCTA5 13603,42989
ZCTA5 13605,51553
ZCTA5 13606,66063
ZCTA5 13607,48792
ZCTA5 13608,44881
ZCTA5 13612,64020
ZCTA5 13613,42063
ZCTA5 13614,
ZCTA5 13615,53207
ZCTA5 13616,53197
ZCTA5 13617,53512
ZCTA5 13618,50951
ZCTA5 13619,52383
ZCTA5 13620,41982
ZCTA5 13621,43958
ZCTA5 13622,44524
ZCTA5 13623,
ZCTA5 13624,62515
ZCTA5 13625,53300
ZCTA5 13626,46458
ZCTA5 13628,50938
ZCTA5 13630,52143
ZCTA5 13633,58125
ZCTA5 13634,57356
ZCTA5 13635,42656
ZCTA5 13636,63125
ZCTA5 13637,50503
ZCTA5 13638,39297
ZCTA5 13639,45208
ZCTA5 13640,51111
ZCTA5 13641,
ZCTA5 13642,42733
ZCTA5 13643,
ZCTA5 13646,44118
ZCTA5 13647,100625
ZCTA5 13648,45380
ZCTA5 13650,57292
ZCTA5 13651,109375
ZCTA5 13652,53403
ZCTA5 13654,49286
ZCTA5 13655,40731
ZCTA5 13656,51709
ZCTA5 13658,56852
ZCTA5 13659,51750
ZCTA5 13660,46750
ZCTA5 13661,63182
ZCTA5 13662,41610
ZCTA5 13664,64583
ZCTA5 13665,64375
ZCTA5 13666,23661
ZCTA5 13667,50375
ZCTA5 13668,49883
ZCTA5 13669,42341
ZCTA5 13670,35417
ZCTA5 13672,53125
ZCTA5 13673,48073
ZCTA5 13674,
ZCTA5 13675,85476
ZCTA5 13676,50777
ZCTA5 13677,
ZCTA5 13678,
ZCTA5 13679,41875
ZCTA5 13680,35781
ZCTA5 13681,45625
ZCTA5 13682,74167
ZCTA5 13684,45926
ZCTA5 13685,56771
ZCTA5 13687,48750
ZCTA5 13690,40556
ZCTA5 13691,60769
ZCTA5 13692,
ZCTA5 13693,46250
ZCTA5 13694,68958
ZCTA5 13695,98594
ZCTA5 13696,
ZCTA5 13697,47083
ZCTA5 13730,50517
ZCTA5 13731,47188
ZCTA5 13732,79303
ZCTA5 13733,48964
ZCTA5 13734,46797
ZCTA5 13736,53864
ZCTA5 13739,52216
ZCTA5 13740,63438
ZCTA5 13743,59595
ZCTA5 13744,50000
ZCTA5 13746,51700
ZCTA5 13748,51627
ZCTA5 13750,34792
ZCTA5 13751,
ZCTA5 13752,49659
ZCTA5 13753,50434
ZCTA5 13754,42888
ZCTA5 13755,36806
ZCTA5 13756,49615
ZCTA5 13757,51069
ZCTA5 13760,53532
ZCTA5 13774,75263
ZCTA5 13775,51481
ZCTA5 13776,38750
ZCTA5 13777,67500
ZCTA5 13778,59202
ZCTA5 13780,45265
ZCTA5 13782,50357
ZCTA5 13783,38487
ZCTA5 13784,38594
ZCTA5 13786,51458
ZCTA5 13787,43000
ZCTA5 13788,49766
ZCTA5 13790,41825
ZCTA5 13794,86500
ZCTA5 13795,47841
ZCTA5 13796,57000
ZCTA5 13797,48024
ZCTA5 13801,36184
ZCTA5 13802,58516
ZCTA5 13803,56458
ZCTA5 13804,63977
ZCTA5 13806,71250
ZCTA5 13807,55500
ZCTA5 13808,51750
ZCTA5 13809,43472
ZCTA5 13810,37009
ZCTA5 13811,54227
ZCTA5 13812,50341
ZCTA5 13813,47969
ZCTA5 13815,47385
ZCTA5 13820,45350
ZCTA5 13825,53155
ZCTA5 13826,
ZCTA5 13827,57888
ZCTA5 13830,46548
ZCTA5 13832,34750
ZCTA5 13833,47404
ZCTA5 13834,67800
ZCTA5 13835,46979
ZCTA5 13838,40833
ZCTA5 13839,44531
ZCTA5 13841,36591
ZCTA5 13842,82000
ZCTA5 13843,46510
ZCTA5 13844,46250
ZCTA5 13845,
ZCTA5 13846,47000
ZCTA5 13847,
ZCTA5 13849,43438
ZCTA5 13850,62003
ZCTA5 13856,39781
ZCTA5 13859,63510
ZCTA5 13860,80938
ZCTA5 13861,
ZCTA5 13862,60980
ZCTA5 13863,56406
ZCTA5 13864,35347
ZCTA5 13865,61364
ZCTA5 13901,42386
ZCTA5 13902,
ZCTA5 13903,44136
ZCTA5 13904,45513
ZCTA5 13905,37288
ZCTA5 14001,58082
ZCTA5 14004,67535
ZCTA5 14005,59392
ZCTA5 14006,57401
ZCTA5 14008,53300
ZCTA5 14009,45456
ZCTA5 14011,60833
ZCTA5 14012,55564
ZCTA5 14013,48438
ZCTA5 14020,47976
ZCTA5 14024,60307
ZCTA5 14025,59009
ZCTA5 14026,87634
ZCTA5 14028,55234
ZCTA5 14030,53170
ZCTA5 14031,80402
ZCTA5 14032,101141
ZCTA5 14033,95000
ZCTA5 14034,58938
ZCTA5 14035,70859
ZCTA5 14036,61250
ZCTA5 14037,69063
ZCTA5 14039,63125
ZCTA5 14040,54458
ZCTA5 14041,50795
ZCTA5 14042,37679
ZCTA5 14043,54020
ZCTA5 14047,62442
ZCTA5 14048,37480
ZCTA5 14051,110506
ZCTA5 14052,73908
ZCTA5 14054,55972
ZCTA5 14055,63315
ZCTA5 14057,63359
ZCTA5 14058,66667
ZCTA5 14059,80025
ZCTA5 14060,50870
ZCTA5 14061,58125
ZCTA5 14062,50761
ZCTA5 14063,51297
ZCTA5 14065,44861
ZCTA5 14066,51400
ZCTA5 14067,52113
ZCTA5 14068,69857
ZCTA5 14069,41176
ZCTA5 14070,41014
ZCTA5 14072,79778
ZCTA5 14075,67538
ZCTA5 14080,63211
ZCTA5 14081,54265
ZCTA5 14082,55625
ZCTA5 14085,89395
ZCTA5 14086,77420
ZCTA5 14091,60046
ZCTA5 14092,63355
ZCTA5 14094,52618
ZCTA5 14098,53343
ZCTA5 14101,53424
ZCTA5 14102,85050
ZCTA5 14103,46345
ZCTA5 14105,58254
ZCTA5 14108,52394
ZCTA5 14109,
ZCTA5 14111,55000
ZCTA5 14112,
ZCTA5 14113,45714
ZCTA5 14120,57492
ZCTA5 14125,52723
ZCTA5 14126,58056
ZCTA5 14127,87369
ZCTA5 14129,42833
ZCTA5 14130,54821
ZCTA5 14131,70245
ZCTA5 14132,61308
ZCTA5 14134,78125
ZCTA5 14135,34250
ZCTA5 14136,51055
ZCTA5 14138,50333
ZCTA5 14139,77027
ZCTA5 14141,54746
ZCTA5 14143,56250
ZCTA5 14145,57250
ZCTA5 14150,53150
ZCTA5 14167,57500
ZCTA5 14168,
ZCTA5 14169,32109
ZCTA5 14170,70688
ZCTA5 14171,45365
ZCTA5 14172,60208
ZCTA5 14173,37917
ZCTA5 14174,65353
ZCTA5 14201,25207
ZCTA5 14202,41731
ZCTA5 14203,32260
ZCTA5 14204,25222
ZCTA5 14206,36315
ZCTA5 14207,24091
ZCTA5 14208,25170
ZCTA5 14209,31194
ZCTA5 14210,36081
ZCTA5 14211,24326
ZCTA5 14212,23496
ZCTA5 14213,29515
ZCTA5 14214,43415
ZCTA5 14215,33643
ZCTA5 14216,52313
ZCTA5 14217,51281
ZCTA5 14218,36487
ZCTA5 14219,50630
ZCTA5 14220,49749
ZCTA5 14221,78002
ZCTA5 14222,54333
ZCTA5 14223,60632
ZCTA5 14224,60611
ZCTA5 14225,46170
ZCTA5 14226,66117
ZCTA5 14227,50712
ZCTA5 14228,50767
ZCTA5 14261,
ZCTA5 14301,23449
ZCTA5 14302,
ZCTA5 14303,28875
ZCTA5 14304,49059
ZCTA5 14305,33781
ZCTA5 14411,42924
ZCTA5 14414,57561
ZCTA5 14415,
ZCTA5 14416,50951
ZCTA5 14418,71118
ZCTA5 14420,54811
ZCTA5 14422,61302
ZCTA5 14423,54630
ZCTA5 14424,54654
ZCTA5 14425,65679
ZCTA5 14427,53690
ZCTA5 14428,66123
ZCTA5 14432,54397
ZCTA5 14433,52538
ZCTA5 14435,63802
ZCTA5 14437,44945
ZCTA5 14441,56667
ZCTA5 14445,50235
ZCTA5 14450,77955
ZCTA5 14454,44814
ZCTA5 14456,43476
ZCTA5 14462,56875
ZCTA5 14464,57078
ZCTA5 14466,69977
ZCTA5 14467,72377
ZCTA5 14468,66339
ZCTA5 14469,62468
ZCTA5 14470,51418
ZCTA5 14471,60795
ZCTA5 14472,84074
ZCTA5 14475,75313
ZCTA5 14476,53857
ZCTA5 14477,61597
ZCTA5 14478,83355
ZCTA5 14479,31467
ZCTA5 14480,38276
ZCTA5 14481,53669
ZCTA5 14482,53238
ZCTA5 14485,50417
ZCTA5 14486,59315
ZCTA5 14487,65977
ZCTA5 14489,49226
ZCTA5 14502,67780
ZCTA5 14504,50278
ZCTA5 14505,65323
ZCTA5 14506,126058
ZCTA5 14507,58125
ZCTA5 14510,45020
ZCTA5 14511,45667
ZCTA5 14512,53196
ZCTA5 14513,41268
ZCTA5 14514,62299
ZCTA5 14516,54306
ZCTA5 14517,40288
ZCTA5 14519,60339
ZCTA5 14521,45132
ZCTA5 14522,48804
ZCTA5 14525,64549
ZCTA5 14526,80659
ZCTA5 14527,49010
ZCTA5 14529,
ZCTA5 14530,50875
ZCTA5 14532,53611
ZCTA5 14533,56959
ZCTA5 14534,106878
ZCTA5 14536,49125
ZCTA5 14537,47361
ZCTA5 14539,68750
ZCTA5 14541,58144
ZCTA5 14542,
ZCTA5 14543,80703
ZCTA5 14544,55189
ZCTA5 14545,55000
ZCTA5 14546,57306
ZCTA5 14548,55536
ZCTA5 14549,31477
ZCTA5 14550,49100
ZCTA5 14551,45625
ZCTA5 14555,40156
ZCTA5 14559,74523
ZCTA5 14560,58150
ZCTA5 14561,64844
ZCTA5 14564,92034
ZCTA5 14568,74034
ZCTA5 14569,53620
ZCTA5 14571,54063
ZCTA5 14572,47500
ZCTA5 14580,72157
ZCTA5 14585,48375
ZCTA5 14586,76058
ZCTA5 14588,84063
ZCTA5 14589,51495
ZCTA5 14590,43231
ZCTA5 14591,55625
ZCTA5 14592,73750
ZCTA5 14604,20039
ZCTA5 14605,18562
ZCTA5 14606,39980
ZCTA5 14607,42327
ZCTA5 14608,20450
ZCTA5 14609,41769
ZCTA5 14610,59420
ZCTA5 14611,25284
ZCTA5 14612,58917
ZCTA5 14613,30044
ZCTA5 14614,
ZCTA5 14615,37921
ZCTA5 14616,47058
ZCTA5 14617,61735
ZCTA5 14618,92114
ZCTA5 14619,36941
ZCTA5 14620,42576
ZCTA5 14621,25694
ZCTA5 14622,52492
ZCTA5 14623,49093
ZCTA5 14624,62026
ZCTA5 14625,74663
ZCTA5 14626,55578
ZCTA5 14627,
ZCTA5 14701,37016
ZCTA5 14706,52200
ZCTA5 14707,55417
ZCTA5 14708,68214
ZCTA5 14709,43281
ZCTA5 14710,55239
ZCTA5 14711,44762
ZCTA5 14712,50046
ZCTA5 14714,45000
ZCTA5 14715,40529
ZCTA5 14716,38333
ZCTA5 14717,41016
ZCTA5 14718,55319
ZCTA5 14719,46991
ZCTA5 14720,38750
ZCTA5 14721,
ZCTA5 14722,102813
ZCTA5 14723,52417
ZCTA5 14724,50298
ZCTA5 14726,33558
ZCTA5 14727,48750
ZCTA5 14728,43864
ZCTA5 14729,61771
ZCTA5 14731,52961
ZCTA5 14732,55938
ZCTA5 14733,42358
ZCTA5 14735,37888
ZCTA5 14736,39688
ZCTA5 14737,43373
ZCTA5 14738,47238
ZCTA5 14739,36543
ZCTA5 14740,52174
ZCTA5 14741,53875
ZCTA5 14742,78542
ZCTA5 14743,43512
ZCTA5 14744,53000
ZCTA5 14747,41667
ZCTA5 14748,29318
ZCTA5 14750,51582
ZCTA5 14752,
ZCTA5 14753,36528
ZCTA5 14754,46641
ZCTA5 14755,44018
ZCTA5 14756,38919
ZCTA5 14757,46719
ZCTA5 14760,42729
ZCTA5 14767,37461
ZCTA5 14769,38580
ZCTA5 14770,52727
ZCTA5 14772,41375
ZCTA5 14774,62917
ZCTA5 14775,44034
ZCTA5 14777,43125
ZCTA5 14778,
ZCTA5 14779,33111
ZCTA5 14781,44600
ZCTA5 14782,43015
ZCTA5 14783,30625
ZCTA5 14784,44167
ZCTA5 14787,44931
ZCTA5 14788,83472
ZCTA5 14801,44801
ZCTA5 14802,32955
ZCTA5 14803,52083
ZCTA5 14804,55250
ZCTA5 14805,60833
ZCTA5 14806,54306
ZCTA5 14807,53032
ZCTA5 14808,43798
ZCTA5 14809,42262
ZCTA5 14810,41026
ZCTA5 14812,54583
ZCTA5 14813,43068
ZCTA5 14814,62061
ZCTA5 14815,44148
ZCTA5 14816,57361
ZCTA5 14817,47052
ZCTA5 14818,58750
ZCTA5 14819,33542
ZCTA5 14820,44213
ZCTA5 14821,51829
ZCTA5 14822,41088
ZCTA5 14823,50519
ZCTA5 14824,39444
ZCTA5 14825,56250
ZCTA5 14826,40990
ZCTA5 14827,36442
ZCTA5 14830,55895
ZCTA5 14836,75357
ZCTA5 14837,46906
ZCTA5 14838,58826
ZCTA5 14839,50000
ZCTA5 14840,51875
ZCTA5 14841,61544
ZCTA5 14842,46285
ZCTA5 14843,41859
ZCTA5 14845,61522
ZCTA5 14846,47188
ZCTA5 14847,44094
ZCTA5 14850,50290
ZCTA5 14853,
ZCTA5 14854,
ZCTA5 14855,48942
ZCTA5 14856,
ZCTA5 14858,54079
ZCTA5 14859,61053
ZCTA5 14860,52500
ZCTA5 14861,42656
ZCTA5 14864,69732
ZCTA5 14865,39132
ZCTA5 14867,58411
ZCTA5 14869,51597
ZCTA5 14870,63376
ZCTA5 14871,66575
ZCTA5 14872,51293
ZCTA5 14873,48770
ZCTA5 14874,39231
ZCTA5 14877,41250
ZCTA5 14878,57404
ZCTA5 14879,47083
ZCTA5 14880,50726
ZCTA5 14881,109803
ZCTA5 14882,67236
ZCTA5 14883,46354
ZCTA5 14884,47917
ZCTA5 14885,53636
ZCTA5 14886,66661
ZCTA5 14889,55375
ZCTA5 14891,44161
ZCTA5 14892,46125
ZCTA5 14893,
ZCTA5 14894,43828
ZCTA5 14895,41849
ZCTA5 14897,45000
ZCTA5 14898,40769
ZCTA5 14901,26944
ZCTA5 14903,53413
ZCTA5 14904,37927
ZCTA5 14905,57297
